Character Names Corrections Report
==================================================
Total corrections defined: 42

JSON FILE CORRECTIONS:
------------------------------

MONSTER.JSON:
  Fenrilogarmon: Takemikazuchi → Fenriloogamon: Takemikazuchi (2 instances)
  Fenrilogarmon → Fenriloogamon (3 instances)
  Fladramon → Flamedramon (2 instances)
  GrappuLeomon → GrapLeomon (4 instances)
  Hackmon → Huckmon (2 instances)
  HerakleKabuterimon → HerculesKabuterimon (4 instances)
  Holsmon → Halsemon (3 instances)
  HolyAngemon → MagnaAngemon (7 instances)
  Holydramon → Magnadramon (4 instances)
  Hououmon → Phoenixmon (4 instances)
  KaratukiNumemon → ShellNumemon (2 instances)
  Mochimon → Motimon (2 instances)
  Mugendramon → Machinedramon (3 instances)
  Omega Shoutmon → OmniShoutmon (3 instances)
  Oukuwamon → Okuwamon (3 instances)
  Pegasmon → Pegasusmon (2 instances)
  Petimon → Petitmon (2 instances)
  Pidmon → Piddomon (3 instances)
  Pyocomon → Yokomon (2 instances)
  Ragnamon → Galacticmon (3 instances)
  Ravmon: Burst Mode → Ravemon: Burst Mode (2 instances)
  Ravmon → Ravemon (3 instances)
  SaviorHackmon → SaviorHuckmon (4 instances)
  Stiffilmon → Stefilmon (3 instances)
  Tailmon (Child) → Gatomon (Child) (2 instances)
  Tailmon → Gatomon (3 instances)
  Tesla Jellymon → TeslaJellymon (2 instances)
  Thunderballmon → Thundermon (3 instances)
  Thunderbirmon → Thunderbirdmon (3 instances)
  Tyilinmon → Chirinmon (3 instances)
  Yatagaramon (2006) → Crowmon (2006) (3 instances)
  Anomalocarimon X → Scorpiomon X (4 instances)
  Arachnemon → Arukenimon (5 instances)
  Armadimon → Armadillomon (2 instances)
  Armagemon → Armageddemon (4 instances)
  Atlurkabuterimon (Red) → MegaKabuterimon (Red) (3 instances)
  Babydmon → Bebydomon (2 instances)
  BanchouLilimon → BanchoLillymon (3 instances)
  BaoHackmon → BaoHuckmon (4 instances)
  BelialMyotismon → MaloMyotismon (3 instances)

BATTLE.JSON:
  HolyAngemon → MagnaAngemon (1 instances)
  Mugendramon → Machinedramon (1 instances)
  Omega Shoutmon → OmniShoutmon (1 instances)
  Oukuwamon → Okuwamon (1 instances)
  Pidmon → Piddomon (1 instances)
  Ragnamon → Galacticmon (1 instances)
  Ravmon: Burst Mode → Ravemon: Burst Mode (1 instances)
  Tailmon (Child) → Gatomon (Child) (1 instances)
  Thunderbirmon → Thunderbirdmon (1 instances)
  Anomalocarimon X → Scorpiomon X (1 instances)
  Arachnemon → Arukenimon (1 instances)
  Armadimon → Armadillomon (1 instances)
  Armagemon → Armageddemon (1 instances)
  BanchouLilimon → BanchoLillymon (1 instances)
  BelialMyotismon → MaloMyotismon (1 instances)

ZIP FILE CORRECTIONS:
------------------------------
RENAMED FILES:
  Fenrilogarmon_dmc.zip → Fenriloogamon_dmc.zip
  Hackmon_dmc.zip → Huckmon_dmc.zip
  HerakleKabuterimon_dmc.zip → HerculesKabuterimon_dmc.zip
  Holsmon_dmc.zip → Halsemon_dmc.zip
  HolyAngemon_dmc.zip → MagnaAngemon_dmc.zip
  Holydramon_dmc.zip → Magnadramon_dmc.zip
  Hououmon_dmc.zip → Phoenixmon_dmc.zip
  KaratukiNumemon_dmc.zip → ShellNumemon_dmc.zip
  Mochimon_dmc.zip → Motimon_dmc.zip
  Omega Shoutmon_dmc.zip → OmniShoutmon_dmc.zip
  Oukuwamon_dmc.zip → Okuwamon_dmc.zip
  Pegasmon_dmc.zip → Pegasusmon_dmc.zip
  Petimon_dmc.zip → Petitmon_dmc.zip
  Pidmon_dmc.zip → Piddomon_dmc.zip
  Pyocomon_dmc.zip → Yokomon_dmc.zip
  Ragnamon_dmc.zip → Galacticmon_dmc.zip
  Ravmon_ Burst Mode_dmc.zip → Ravemon_ Burst Mode_dmc.zip
  Ravmon_dmc.zip → Ravemon_dmc.zip
  SaviorHackmon_dmc.zip → SaviorHuckmon_dmc.zip
  Stiffilmon_dmc.zip → Stefilmon_dmc.zip
  Tailmon (Child)_dmc.zip → Gatomon (Child)_dmc.zip
  Tailmon_dmc.zip → Gatomon_dmc.zip
  Thunderbirmon_dmc.zip → Thunderbirdmon_dmc.zip
  Tyilinmon_dmc.zip → Chirinmon_dmc.zip
  Yatagaramon (2006)_dmc.zip → Crowmon (2006)_dmc.zip
  Anomalocarimon X_dmc.zip → Scorpiomon X_dmc.zip
  Armadimon_dmc.zip → Armadillomon_dmc.zip
  Armagemon_dmc.zip → Armageddemon_dmc.zip
  Atlurkabuterimon (Red)_dmc.zip → MegaKabuterimon (Red)_dmc.zip
  Babydmon_dmc.zip → Bebydomon_dmc.zip
  BanchouLilimon_dmc.zip → BanchoLillymon_dmc.zip
  BaoHackmon_dmc.zip → BaoHuckmon_dmc.zip
  BelialMyotismon_dmc.zip → MaloMyotismon_dmc.zip

DELETED FILES (conflicts resolved):
  Cerberumon_dmc.zip
  Fenrilogarmon_ Takemikazuchi_dmc.zip
  Fladramon_dmc.zip
  GrappuLeomon_dmc.zip
  MarinChimairamon_dmc.zip
  Mugendramon_dmc.zip
  Tesla Jellymon_dmc.zip
  Thunderballmon_dmc.zip
  Arachnemon_dmc.zip

CONFLICT RESOLUTIONS:
  Kept: Cerberusmon_dmc.zip, Deleted: Cerberumon_dmc.zip
  Kept: Fenriloogamon_ Takemikazuchi_dmc.zip, Deleted: Fenrilogarmon_ Takemikazuchi_dmc.zip
  Kept: Flamedramon_dmc.zip, Deleted: Fladramon_dmc.zip
  Kept: GrapLeomon_dmc.zip, Deleted: GrappuLeomon_dmc.zip
  Kept: MarineChimairamon_dmc.zip, Deleted: MarinChimairamon_dmc.zip
  Kept: Machinedramon_dmc.zip, Deleted: Mugendramon_dmc.zip
  Kept: TeslaJellymon_dmc.zip, Deleted: Tesla Jellymon_dmc.zip
  Kept: Thundermon_dmc.zip, Deleted: Thunderballmon_dmc.zip
  Kept: Arukenimon_dmc.zip, Deleted: Arachnemon_dmc.zip

COMPLETE CORRECTIONS MAPPING:
------------------------------
Cerberumon → Cerberusmon
Fenrilogarmon: Takemikazuchi → Fenriloogamon: Takemikazuchi
Fenrilogarmon → Fenriloogamon
Fladramon → Flamedramon
GrappuLeomon → GrapLeomon
Hackmon → Huckmon
HerakleKabuterimon → HerculesKabuterimon
Holsmon → Halsemon
HolyAngemon → MagnaAngemon
Holydramon → Magnadramon
Hououmon → Phoenixmon
KaratukiNumemon → ShellNumemon
MarinChimairamon → MarineChimairamon
Mochimon → Motimon
Mugendramon → Machinedramon
Omega Shoutmon → OmniShoutmon
Oukuwamon → Okuwamon
Pegasmon → Pegasusmon
Petimon → Petitmon
Pidmon → Piddomon
Pyocomon → Yokomon
Ragnamon → Galacticmon
Ravmon: Burst Mode → Ravemon: Burst Mode
Ravmon → Ravemon
SaviorHackmon → SaviorHuckmon
Stiffilmon → Stefilmon
Tailmon (Child) → Gatomon (Child)
Tailmon → Gatomon
Tesla Jellymon → TeslaJellymon
Thunderballmon → Thundermon
Thunderbirmon → Thunderbirdmon
Tyilinmon → Chirinmon
Yatagaramon (2006) → Crowmon (2006)
Anomalocarimon X → Scorpiomon X
Arachnemon → Arukenimon
Armadimon → Armadillomon
Armagemon → Armageddemon
Atlurkabuterimon (Red) → MegaKabuterimon (Red)
Babydmon → Bebydomon
BanchouLilimon → BanchoLillymon
BaoHackmon → BaoHuckmon
BelialMyotismon → MaloMyotismon
